{"cameraMode":{"drawMode":0,"name":"Shaded","section":"Shading Mode"},"sceneLighting":true,"audioPlay":false,"sceneViewState":{"showFog":true,"showMaterialUpdate":false,"showSkybox":true,"showFlares":true,"showImageEffects":true,"showParticleSystems":true},"in2DMode":false,"pivot":{"x":-0.005646035075187683,"y":0.7064598202705383,"z":-0.03402002155780792},"rotation":{"x":0.24326284229755402,"y":-0.1146204024553299,"z":0.028962353244423868,"w":0.96272873878479},"size":9.894039154052735,"orthographic":true}